component,quantity,description,category_text
outer_shell,1,Lower cylindrical housing around the four liners,
plinth,1,Bottom closure / ballast envelope,
liner_support_deck,1,Common liner support floor,
foot_1,1,Support foot envelope,
foot_2,1,Support foot envelope,
foot_3,1,Support foot envelope,
foot_4,1,Support foot envelope,
sub_bin_1,1,Removable quarter-circle liner extending toward the center,
blank_label_1,1,"Blank category plaque, seen with the head open",
sub_bin_2,1,Removable quarter-circle liner extending toward the center,
blank_label_2,1,"Blank category plaque, seen with the head open",
sub_bin_3,1,Removable quarter-circle liner extending toward the center,
blank_label_3,1,"Blank category plaque, seen with the head open",
sub_bin_4,1,Removable quarter-circle liner extending toward the center,
blank_label_4,1,"Blank category plaque, seen with the head open",
head_seat_ring,1,Recessed seat between lower housing and removable head,
head_shell,1,"Raised outer wall enclosing funnel, plate and sensors",
intake_funnel,1,"Rim collar, funnel and throat lip guiding thrown items onto the plate",
flexible_throat_skirt,1,Flexible strip fringe from throat lip to plate; material and density TBD,
plate_support_spider,1,Ridged cross-beam from head wall to the central two-axis pivot,
fixed_tilt_yoke,1,Fixed fork for the Y tilt hinge,
two_axis_cross_pin,1,Universal joint cross: two perpendicular horizontal hinge axes,
moving_plate_yoke,1,Moving fork connecting the single plate to the X hinge,
single_detection_and_tipping_plate,1,"One flat surface closing the throat: catches, presents and tips the item",
pitch_actuator_envelope,1,Reserved bounded-angle tilt actuator; hardware and torque TBD,
roll_actuator_envelope,1,Second bounded-angle actuator on the intermediate hinge,
fill_sensor_housing_1,1,IR distance-sensor pod above one sub-bin,
fill_sensor_window_1,1,IR-transmissive window placeholder,
fill_sensor_bracket_1,1,Sensor arm from the throat lip,
fill_sensor_housing_2,1,IR distance-sensor pod above one sub-bin,
fill_sensor_window_2,1,IR-transmissive window placeholder,
fill_sensor_bracket_2,1,Sensor arm from the throat lip,
fill_sensor_housing_3,1,IR distance-sensor pod above one sub-bin,
fill_sensor_window_3,1,IR-transmissive window placeholder,
fill_sensor_bracket_3,1,Sensor arm from the throat lip,
fill_sensor_housing_4,1,IR distance-sensor pod above one sub-bin,
fill_sensor_window_4,1,IR-transmissive window placeholder,
fill_sensor_bracket_4,1,Sensor arm from the throat lip,
display_camera_console,1,Raised rear rim housing the display and identification camera,
blank_display_face,1,Blank display placeholder,
camera_lens_placeholder,1,Recessed camera window aimed down at the plate,
